"Herramienta","Categoria","Prioridad","Plataformas","Licencia/coste","Beneficio propuesto","Limite o condicion","Fuente principal"
"Revit/pyRevit existentes","BIM y planos","P0 Reusar","Windows","Revit comercial existente; pyRevit GPL3","Modelado, hojas, DXF/DWG/PDF/IFC","Compatibilidad de addins y revision de planos","https://github.com/dashy2004/CDCRD-Digital/tree/5eca3148037813b78d337ee3b9fd6e6574fa05d9/revit-mcp-tools"
"ETABS/SAFE existentes","Calculo estructural","P0 Reusar","Windows","Licencias comerciales existentes","Analisis y resultados con conectores actuales","Confirmar estados probados, unidades y alcance por herramienta","https://www.csiamerica.com/developer"
"ezdxf","Generacion DXF","P0","Windows/Linux/macOS","MIT","Planos 2D desde JSON validado","No interpreta intencion constructiva ni genera diseno resistente","https://ezdxf.readthedocs.io/en/stable/"
"ezdxf drawing","Preview CAD","P0","Windows/Linux/macOS","MIT; revisar backend","DXF a SVG/PNG/PDF","Limitaciones ACIS, MTEXT y vistas 3D; licencia adicional segun backend","https://ezdxf.readthedocs.io/en/stable/addons/drawing.html"
"Pydantic","Contrato de datos","P0","Windows/Linux/macOS","MIT","Validar entradas y salidas del agente","Esquema y reglas especificas deben desarrollarse","https://docs.pydantic.dev/latest/concepts/strict_mode/"
"Pint","Unidades","P0","Windows/Linux/macOS","BSD","Conversiones y validacion dimensional","Definir unidades de fuerza y convenciones del proyecto","https://pint.readthedocs.io/en/stable/getting/tutorial.html"
"Shapely","Geometria 2D","P0","Windows/Linux/macOS","BSD-3-Clause","Validacion de contornos y operaciones geometricas","No es motor BIM 3D; revisar reparaciones automaticas","https://shapely.readthedocs.io/en/stable/manual.html"
"uv","Entornos reproducibles","P0","Windows/Linux/macOS","Apache-2.0/MIT","Fijar dependencias y entornos","Probar versiones y wheels de herramientas BIM","https://docs.astral.sh/uv/concepts/projects/layout/"
"SQLite FTS5","Consulta CDCRD local","P0","Windows/Linux/macOS","Dominio publico","Busqueda textual sin servidor permanente","Comprobar FTS5; identificadores normativos como campos exactos","https://www.sqlite.org/fts5.html"
"IfcOpenShell","Datos openBIM","P0","Windows/Linux/macOS","LGPL-3.0-or-later","Leer IFC, propiedades, unidades y cantidades","Modelo fisico no equivale a modelo analitico","https://docs.ifcopenshell.org/"
"IfcConvert","Conversion IFC","P0","Windows/Linux/macOS","LGPL-3.0-or-later","IFC a GLB/OBJ/SVG y otros formatos","No es conversor universal RVT/DWG; DXF requiere otra via","https://docs.ifcopenshell.org/ifcconvert.html"
"IfcTester + IDS","Validacion BIM","P1","Windows/Linux/macOS","LGPL-3.0-or-later para IfcTester","Comprobar informacion requerida","IDS no certifica capacidad estructural","https://docs.ifcopenshell.org/ifctester.html"
"IfcClash + BCF","Coordinacion","P1","Windows/Linux/macOS","LGPL-3.0-or-later utilidades IfcOpenShell","Interferencias e incidencias por elemento","Tolerancias, filtros y encuentros intencionales deben revisarse","https://docs.ifcopenshell.org/ifcclash.html"
"IfcDiff/IfcPatch/IfcCSV","Revision de modelos","P1","Windows/Linux/macOS","LGPL-3.0-or-later","Comparar, reparar y tabular IFC","Registrar cada modificacion y preservar fuente","https://ifcopenshell.org/downloads.html"
"LibreCAD","Revision DXF","P1","Windows/Linux/macOS","GPLv2","Medir, editar e imprimir DXF","Importacion DWG parcial; no BIM","https://www.librecad.org/"
"Inkscape","Documentacion grafica","P1","Windows/Linux/macOS","GPL","Cajetines SVG y ajustes de composicion","Trazado raster produce caminos sin semantica","https://inkscape.org/en/about/license/"
"ODA File Converter","DWG/DXF","P1 Opcional","Windows/Linux/macOS","Gratuito propietario","Conversion por lotes y cambio de version","EULA de redistribucion/servicio no confirmada; instalacion externa local","https://www.opendesign.com/guestfiles/oda_file_converter"
"pdfplumber","Extraccion PDF","P1","Windows/Linux/macOS","MIT","Texto, tablas y primitivas de PDF vectorial","Requiere calibracion/reconstruccion para generar CAD","https://github.com/jsvine/pdfplumber"
"pypdfium2","Preview PDF","P0/P1","Windows/Linux/macOS","Apache-2.0/BSD-3-Clause y avisos PDFium","Rasterizar PDF localmente","Revisar avisos de terceros al distribuir","https://github.com/pypdfium2-team/pypdfium2"
"Poppler pdftocairo","Preview PDF CLI","P1 Opcional","Principalmente worker Linux","GPL y dependencias","PDF a PNG/SVG para QA","No convierte a BIM ni reconstruye objetos CAD","https://manpages.ubuntu.com/manpages/noble/man1/pdftocairo.1.html"
"OCRmyPDF + Tesseract","OCR","P1 Por demanda","Preferentemente Ubuntu/WSL; otras vias a validar","MPL-2.0 OCRmyPDF; Apache-2.0 Tesseract; revisar dependencias","Escaneos consultables con espanol/ingles","OCR no aprueba formulas ni dimensiones","https://ocrmypdf.readthedocs.io/en/stable/cookbook.html"
"Docling","Procesamiento documental","P1 Por demanda","Windows/Linux/macOS segun dependencias","MIT; modelos con licencias propias","Estructura/tablas y corpus local","Validar extraccion numerica y consumo RAM","https://github.com/docling-project/docling"
"Ollama","IA local","P1 Piloto","Windows/Linux/macOS","MIT; licencia separada por modelo","API local, outputs estructurados y tools","8GB VRAM observados: medir modelo/contexto y carga simultanea BIM","https://docs.ollama.com/windows"
"That Open Components + web-ifc","Visor local web","P1","Navegador/Node","MIT Components; MPL-2.0 web-ifc","Seleccion BIM, propiedades y hallazgos","Probar modelos grandes; modelado en desarrollo","https://docs.thatopen.com/intro"
"Ubuntu WSL2","Servicios Linux","P1 Opcional","Windows compatible con WSL2","Sin coste adicional por WSL; licencias por paquetes","OCR, conversiones y laboratorio de backend","Memoria limitada en laptop16GB; no sustituye Revit/COM","https://ubuntu.com/wsl/docs/latest/howto/install-ubuntu-wsl2/"
"Docker Engine en Ubuntu","Empaquetado","P2 Por necesidad","Linux/WSL2","Componentes abiertos; revisar distribucion elegida","Repetir servicios por contenedor","No imprescindible para MVP individual","https://docs.docker.com/engine/"
"Docker Desktop","Gestion contenedores","P2 Opcional","Windows/Linux/macOS","Gratis bajo condiciones; pago segun organizacion","GUI e integracion WSL","Gobierno y empresas fuera de umbrales requieren suscripcion","https://docs.docker.com/subscription-billing/desktop-license/"
"VM Ubuntu completa","Laboratorio","P2","Host con hipervisor compatible","Licencias por host/hipervisor","Aislamiento y ensayo servidor","Hyper-V rol no disponible en Home observado; mayor RAM/disco","https://learn.microsoft.com/windows-server/virtualization/hyper-v/host-hardware-requirements?pivots=windows"
"PostgreSQL + pgvector","Datos multiusuario/RAG","P2 o P1 si necesario","Windows/Linux/macOS","PostgreSQL License","Proyectos y recuperacion textual/vectorial","Servicio permanente; medir antes de indices aproximados","https://github.com/pgvector/pgvector"
"GNU LibreDWG","Conversion abierta DWG","P2 Piloto","Linux/Windows","GPLv3+","DWG a DXF/JSON","Escritura y formatos con limites documentados","https://www.gnu.org/software/libredwg/manual/html_node/Programs.html"
"FreeCAD BIM/TechDraw","Autoría abierta","P2","Windows/Linux/macOS","LGPL2+","BIM parametrico y vistas de dibujo","DXF TechDraw no exporta todo cajetin SVG ni vistas Draft/Arch","https://github.com/FreeCAD/FreeCAD-documentation/blob/main/wiki/TechDraw_ExportPageDXF.md"
"Bonsai/Blender","Autoría IFC abierta","P2 Piloto","Windows/Linux/macOS","GPL-3.0-or-later Bonsai","Modelar IFC y generar dibujos SVG","Drafting temprano; verificar antes de reemplazar hojas Revit","https://docs.bonsaibim.org/studio/guides/drawings/index.html"
"IfcMCP","IA sobre IFC","P2 Experimental","Entorno Python compatible","LGPL-3.0-or-later segun proyecto","Consultar/editar IFC y solicitar dibujos","PyPI404 observado08oct2026; evaluar fuente con commit fijo","https://docs.ifcopenshell.org/ifcmcp.html"
"Prefect/Temporal","Orquestacion","P2 Elegir si necesario","Servicios locales segun despliegue","Revisar distribucion/edicion elegida","Lotes o procesos duraderos","Operar un sistema justificado por carga; no instalar ambos","https://docs.prefect.io/v3/how-to-guides/self-hosted/server-cli"
"Speckle OSS","Colaboracion","P2 Multiusuario","Servidor y conectores segun producto","Apache-2.0 por defecto; excepciones","Modelos versionados y APIs","ETABS publish-only; funciones gestionadas no todas OSS","https://docs.speckle.systems/developers/server/self-hosted-vs-cloud-hosted-speckle"
"APS Automation Revit","Automatizacion nube","P3 Comercial futuro","Cloud Autodesk","Propietario con consumo","Jobs Revit para escala futura","Coste, restricciones y adaptacion de addins; fuera de prioridad local","https://aps.autodesk.com/automation-apis"
"Rhino.Inside.Revit","Geometria parametrica","P3 Si licencias existentes","Windows","MIT integracion; Rhino/Revit comerciales","Grasshopper y geometria especializada","Requiere licencias adicionales si no existen","https://www.rhino3d.com/inside/revit/1.0/reference/deployment"
